Discipline,Year
NA,NA
NA,NA
COMPUTER SCIENCE AND APPLICATION,2020
NA,NA
NA,NA
COMPUTER SCIENCE AND APPLICATIONS,2020
COMPUTER SCIENCE AND APPLICATION,2019
NA,NA
NA,NA
NA,NA
CS,2020
NA,NA
NA,NA
NA,NA
NA,NA
NA,NA
NA,NA
NA,NA
NA,NA
NA,NA
NA,NA
NA,NA
NA,NA
NA,NA
NA,NA
NA,NA
NA,NA
NA,NA
NA,NA
NA,NA
NA,NA
NA,NA
NA,NA
COMPUTER SCIENCE AND APPLICATIONS,2018
NA,NA
NA,NA
NA,NA
NA,NA
computer Science,2019
NA,NA
NA,NA
Computer Science and Applications,2019
NA,NA
Computer science and Applications,2018
NA,NA
computer science and application,2020
NA,NA
NA,NA
NA,NA
